id,season,mnth,holiday,weekday,workingday,weathersit,temp,atemp,hum,windspeed,hum/temp,hum/atemp,hum/winspeed,weathersit2,weathersit3,cnt
1,1,1,0,6,0,2,0.344167,0.363625,0.805833,0.160446,2.341401122,2.216110003,5.022456153,1,0,985
2,1,1,0,0,0,2,0.363478,0.353739,0.696087,0.248539,2.217006256,2.278043982,3.242279884,1,0,801
3,1,1,0,1,1,1,0.196364,0.189405,0.437273,0.248309,4.103771567,4.254549774,3.245283095,0,0,1349
4,1,1,0,2,1,1,0.2,0.212122,0.590435,0.160296,4.029165,3.79891289,5.027156011,0,0,1562
5,1,1,0,3,1,1,0.226957,0.22927,0.436957,0.1869,3.55059769,3.514777337,4.311573034,0,0,1600
6,1,1,0,4,1,1,0.204348,0.233209,0.518261,0.0895652,3.943434729,3.455411241,8.99716631,0,0,1606
7,1,1,0,5,1,2,0.196522,0.208839,0.498696,0.168726,4.100472212,3.858632727,4.775985918,1,0,1510
8,1,1,0,6,0,2,0.165,0.162254,0.535833,0.266804,4.883836364,4.966490811,3.020318286,1,0,959
9,1,1,0,0,0,1,0.138333,0.116175,0.434167,0.36195,5.825312832,6.936371853,2.22636552,0,0,822
10,1,1,0,1,1,1,0.150833,0.150888,0.482917,0.223267,5.342551033,5.340603627,3.609279473,0,0,1321
11,1,1,0,2,1,2,0.169091,0.191464,0.686364,0.122132,4.76567647,4.208796432,6.598049651,1,0,1263
12,1,1,0,3,1,1,0.172727,0.160473,0.599545,0.304627,4.665356314,5.021611112,2.645310494,0,0,1162
13,1,1,0,4,1,1,0.165,0.150883,0.470417,0.301,4.883836364,5.340780605,2.677186047,0,0,1406
14,1,1,0,5,1,1,0.16087,0.188413,0.537826,0.126548,5.009218624,4.276950104,6.367805102,0,0,1421
15,1,1,0,6,0,2,0.233333,0.248112,0.49875,0.157963,3.453574934,3.247859837,5.101403493,1,0,1248
16,1,1,0,0,0,1,0.231667,0.234217,0.48375,0.188433,3.478410822,3.440540183,4.276496155,0,0,1204
17,1,1,1,1,0,2,0.175833,0.176771,0.5375,0.194017,4.582945181,4.558626698,4.153414392,1,0,1000
18,1,1,0,2,1,2,0.216667,0.232333,0.861667,0.146775,3.719223509,3.468439696,5.490260603,1,0,683
19,1,1,0,3,1,2,0.292174,0.298422,0.741739,0.208317,2.758058554,2.70031365,3.868301675,1,0,1650
20,1,1,0,4,1,2,0.261667,0.25505,0.538333,0.195904,3.079612637,3.1595099,4.113407587,1,0,1927
21,1,1,0,5,1,1,0.1775,0.157833,0.457083,0.353242,4.539904225,5.105605292,2.281249115,0,0,1543
22,1,1,0,6,0,1,0.0591304,0.0790696,0.4,0.17197,13.6280661,10.19143893,4.685892888,0,0,981
23,1,1,0,0,0,1,0.0965217,0.0988391,0.436522,0.2466,8.348723655,8.152977921,3.267773723,0,0,986
24,1,1,0,1,1,1,0.0973913,0.11793,0.491739,0.15833,8.274178494,6.833146782,5.089578728,0,0,1416
25,1,1,0,2,1,2,0.223478,0.234526,0.616957,0.129796,3.605871719,3.436007095,6.208457888,1,0,1985
26,1,1,0,3,1,3,0.2175,0.2036,0.8625,0.29385,3.70497931,3.957922397,2.742327718,0,1,506
27,1,1,0,4,1,1,0.195,0.2197,0.6875,0.113837,4.132476923,3.667878926,7.078832014,0,0,431
28,1,1,0,5,1,2,0.203478,0.223317,0.793043,0.1233,3.960295462,3.608471366,6.535547445,1,0,1167
29,1,1,0,6,0,1,0.196522,0.212126,0.651739,0.145365,4.100472212,3.798841255,5.543514601,0,0,1098
30,1,1,0,0,0,1,0.216522,0.250322,0.722174,0.0739826,3.721714191,3.219185689,10.89219627,0,0,1096
31,1,1,0,1,1,2,0.180833,0.18625,0.60375,0.187192,4.456227569,4.326620134,4.304847429,1,0,1501
32,1,2,0,2,1,2,0.192174,0.23453,0.829565,0.053213,4.193246745,3.435948493,15.14353635,1,0,1360
33,1,2,0,3,1,2,0.26,0.254417,0.775417,0.264308,3.099357692,3.167370891,3.048840746,1,0,1526
34,1,2,0,4,1,1,0.186957,0.177878,0.437826,0.277752,4.310258509,4.530256693,2.901268038,0,0,1550
35,1,2,0,5,1,2,0.211304,0.228587,0.585217,0.127839,3.813619241,3.525279215,6.303498932,1,0,1708
36,1,2,0,6,0,2,0.233333,0.243058,0.929167,0.161079,3.453574934,3.315393857,5.002719163,1,0,1005
37,1,2,0,0,0,1,0.285833,0.291671,0.568333,0.1418,2.819244104,2.762814952,5.682884344,0,0,1623
38,1,2,0,1,1,1,0.271667,0.303658,0.738333,0.0454083,2.966252802,2.653751918,17.74638117,0,0,1712
39,1,2,0,2,1,1,0.220833,0.198246,0.537917,0.36195,3.649060602,4.064813414,2.22636552,0,0,1530
40,1,2,0,3,1,2,0.134783,0.144283,0.494783,0.188839,5.97874361,5.585086254,4.267301776,1,0,1605
41,1,2,0,4,1,1,0.144348,0.149548,0.437391,0.221935,5.582571286,5.388457218,3.630941492,0,0,1538
42,1,2,0,5,1,1,0.189091,0.213509,0.506364,0.10855,4.261614778,3.774234341,7.423611239,0,0,1746
43,1,2,0,6,0,1,0.2225,0.232954,0.544167,0.203367,3.621721348,3.459193661,3.962457036,0,0,1472
44,1,2,0,0,0,1,0.316522,0.324113,0.457391,0.260883,2.545898863,2.486271763,3.088867423,0,0,1589
45,1,2,0,1,1,1,0.415,0.39835,0.375833,0.417908,1.941766265,2.022927074,1.928254544,0,0,1913
46,1,2,0,2,1,1,0.266087,0.254274,0.314348,0.291374,3.028456858,3.169152174,2.765631113,0,0,1815
47,1,2,0,3,1,1,0.318261,0.3162,0.423478,0.251791,2.531987897,2.548491461,3.200404304,0,0,2115
48,1,2,0,4,1,1,0.435833,0.428658,0.505,0.230104,1.848949024,1.879897261,3.502038209,0,0,2475
49,1,2,0,5,1,1,0.521667,0.511983,0.516667,0.264925,1.544726808,1.573944838,3.041740115,0,0,2927
50,1,2,0,6,0,1,0.399167,0.391404,0.187917,0.507463,2.018786623,2.058826685,1.587964049,0,0,1635
51,1,2,0,0,0,1,0.285217,0.27733,0.407826,0.223235,2.825332992,2.905682761,3.609796851,0,0,1812
52,1,2,1,1,0,2,0.303333,0.284075,0.605,0.307846,2.656595227,2.836691015,2.617649734,1,0,1107
53,1,2,0,2,1,1,0.182222,0.186033,0.577778,0.195683,4.422259661,4.331666962,4.118053178,0,0,1450
54,1,2,0,3,1,1,0.221739,0.245717,0.423043,0.094113,3.634150961,3.27951668,8.562398393,0,0,1917
55,1,2,0,4,1,2,0.295652,0.289191,0.697391,0.250496,2.725613221,2.786507879,3.216949572,1,0,1807
56,1,2,0,5,1,2,0.364348,0.350461,0.712174,0.346539,2.211712429,2.299351426,2.325374633,1,0,1461
57,1,2,0,6,0,1,0.2825,0.282192,0.537917,0.186571,2.852506195,2.855619578,4.319176078,0,0,1969
58,1,2,0,0,0,1,0.343478,0.351109,0.68,0.125248,2.346097858,2.295107787,6.433899144,0,0,2402
59,1,2,0,1,1,2,0.407273,0.400118,0.876364,0.289686,1.978606488,2.013988373,2.781746443,1,0,1446
60,1,3,0,2,1,1,0.266667,0.263879,0.535,0.216425,3.021869973,3.053797384,3.723382234,0,0,1851
61,1,3,0,3,1,1,0.335,0.320071,0.449583,0.307833,2.405471642,2.517669517,2.617760279,0,0,2134
62,1,3,0,4,1,1,0.198333,0.200133,0.318333,0.225754,4.063030358,4.026487386,3.569518148,0,0,1685
63,1,3,0,5,1,2,0.261667,0.255679,0.610417,0.203346,3.079612637,3.151737139,3.962866248,1,0,1944
64,1,3,0,6,0,2,0.384167,0.378779,0.789167,0.251871,2.097611195,2.127448987,3.199387782,1,0,2077
65,1,3,0,0,0,2,0.376522,0.366252,0.948261,0.343287,2.140201635,2.200214606,2.347403193,1,0,605
66,1,3,0,1,1,1,0.261739,0.238461,0.551304,0.341352,3.078765488,3.379307308,2.360709766,0,0,1872
67,1,3,0,2,1,1,0.2925,0.3024,0.420833,0.12065,2.754984615,2.664791667,6.67909656,0,0,2133
68,1,3,0,3,1,2,0.295833,0.286608,0.775417,0.22015,2.723945604,2.81162075,3.660381558,1,0,1891
69,1,3,0,4,1,3,0.389091,0.385668,0,0.261877,2.071065638,2.0894474,3.077143086,0,1,623
70,1,3,0,5,1,2,0.316522,0.305,0.649565,0.23297,2.545898863,2.64207541,3.458956089,1,0,1977
71,1,3,0,6,0,1,0.329167,0.32575,0.594583,0.220775,2.448097774,2.473777437,3.65001925,0,0,2132
72,1,3,0,0,0,1,0.384348,0.380091,0.527391,0.270604,2.096623373,2.120105448,2.977904983,0,0,2417
73,1,3,0,1,1,1,0.325217,0.332,0.496957,0.136926,2.477831725,2.427207831,5.885171553,0,0,2046
74,1,3,0,2,1,2,0.317391,0.318178,0.655652,0.184309,2.538928325,2.532648392,4.372184755,1,0,2056
75,1,3,0,3,1,2,0.365217,0.36693,0.776522,0.203117,2.206449864,2.196149129,3.967334098,1,0,2192
76,1,3,0,4,1,1,0.415,0.410333,0.602917,0.209579,1.941766265,1.963851311,3.845008326,0,0,2744
77,1,3,0,5,1,1,0.54,0.527009,0.525217,0.231017,1.492283333,1.529068764,3.488197838,0,0,3239
78,1,3,0,6,0,1,0.4725,0.466525,0.379167,0.368167,1.705466667,1.727309362,2.188770313,0,0,3117
79,1,3,0,0,0,1,0.3325,0.32575,0.47375,0.207721,2.423557895,2.473777437,3.879400735,0,0,2471
80,2,3,0,1,1,2,0.430435,0.409735,0.737391,0.288783,1.872136327,1.966717513,2.790444728,1,0,2077
81,2,3,0,2,1,1,0.441667,0.440642,0.624583,0.22575,1.82452617,1.828770294,3.569581395,0,0,2703
82,2,3,0,3,1,2,0.346957,0.337939,0.839565,0.234261,2.322573114,2.38455165,3.439893964,1,0,2121
83,2,3,0,4,1,2,0.285,0.270833,0.805833,0.243787,2.827484211,2.975387047,3.305479784,1,0,1865
84,2,3,0,5,1,1,0.264167,0.256312,0.495,0.230725,3.050468075,3.143953463,3.492612417,0,0,2210
85,2,3,0,6,0,1,0.265833,0.257571,0.394167,0.209571,3.03135051,3.128585904,3.845155103,0,0,2496
86,2,3,0,0,0,2,0.253043,0.250339,0.493913,0.1843,3.184569421,3.218967081,4.372398264,1,0,1693
87,2,3,0,1,1,1,0.264348,0.257574,0.302174,0.212204,3.048379409,3.128549465,3.797444912,0,0,2028
88,2,3,0,2,1,1,0.3025,0.292908,0.314167,0.226996,2.663910744,2.751147118,3.549987665,0,0,2425
89,2,3,0,3,1,2,0.3,0.29735,0.646667,0.172888,2.68611,2.710048764,4.661011753,1,0,1536
90,2,3,0,4,1,3,0.268333,0.257575,0.918333,0.217646,3.003108078,3.128537319,3.702493958,0,1,1685
91,2,4,0,5,1,2,0.3,0.283454,0.68625,0.258708,2.68611,2.842905727,3.114836031,1,0,2227
92,2,4,0,6,0,2,0.315,0.315637,0.65375,0.197146,2.5582,2.553037191,4.087493533,1,0,2252
93,2,4,0,0,0,1,0.378333,0.378767,0.48,0.182213,2.129956943,2.127516389,4.422478089,0,0,3249
94,2,4,0,1,1,1,0.573333,0.542929,0.42625,0.385571,1.405523492,1.484232745,2.089973053,0,0,3115
95,2,4,0,2,1,2,0.414167,0.39835,0.642083,0.388067,1.945671674,2.022927074,2.076530599,1,0,1795
96,2,4,0,3,1,1,0.390833,0.387608,0.470833,0.263063,2.061834594,2.078989598,3.063270015,0,0,2808
97,2,4,0,4,1,1,0.4375,0.433696,0.602917,0.162312,1.841904,1.858059562,4.964716102,0,0,3141
98,2,4,0,5,1,2,0.335833,0.324479,0.83625,0.226992,2.399505111,2.483467343,3.550050222,1,0,1471
99,2,4,0,6,0,2,0.3425,0.341529,0.8775,0.133083,2.35279708,2.35948631,6.05511598,1,0,2455
100,2,4,0,0,0,2,0.426667,0.426737,0.8575,0.146767,1.888669618,1.888359809,5.490559867,1,0,2895
101,2,4,0,1,1,2,0.595652,0.565217,0.716956,0.324474,1.352858716,1.425705525,2.483505612,1,0,3348
102,2,4,0,2,1,2,0.5025,0.493054,0.739167,0.274879,1.603647761,1.634370677,2.931591719,1,0,2034
103,2,4,0,3,1,2,0.4125,0.417283,0.819167,0.250617,1.953534545,1.931142654,3.215396402,1,0,2162
104,2,4,0,4,1,1,0.4675,0.462742,0.540417,0.1107,1.723706952,1.74143043,7.279430894,0,0,3267
105,2,4,1,5,0,1,0.446667,0.441913,0.67125,0.226375,1.804102385,1.82351051,3.559726118,0,0,3126
106,2,4,0,6,0,3,0.430833,0.425492,0.888333,0.340808,1.870406863,1.893885196,2.364477947,0,1,795
107,2,4,0,0,0,1,0.456667,0.445696,0.479583,0.303496,1.764596522,1.80803283,2.655168437,0,0,3744
108,2,4,0,1,1,1,0.5125,0.503146,0.5425,0.163567,1.572357073,1.601588803,4.926623341,0,0,3429
109,2,4,0,2,1,2,0.505833,0.489258,0.665833,0.157971,1.593081116,1.647051249,5.101145147,1,0,3204
110,2,4,0,3,1,1,0.595,0.564392,0.614167,0.241925,1.354341176,1.427789551,3.33092074,0,0,3944
111,2,4,0,4,1,1,0.459167,0.453892,0.407083,0.325258,1.754988926,1.775384893,2.477519385,0,0,4189
112,2,4,0,5,1,2,0.336667,0.321954,0.729583,0.219521,2.393560996,2.50294452,3.670869757,1,0,1683
113,2,4,0,6,0,2,0.46,0.450121,0.887917,0.230725,1.75181087,1.790258619,3.492612417,1,0,4036
114,2,4,0,0,0,2,0.581667,0.551763,0.810833,0.192175,1.385385453,1.460469441,4.193224925,1,0,4191
115,2,4,0,1,1,1,0.606667,0.5745,0.776667,0.185333,1.328295424,1.402668407,4.348027604,0,0,4073
116,2,4,0,2,1,1,0.631667,0.594083,0.729167,0.3265,1.275724393,1.356431677,2.468094946,0,0,4400
117,2,4,0,3,1,2,0.62,0.575142,0.835417,0.3122,1.299730645,1.401102684,2.581143498,1,0,3872
118,2,4,0,4,1,2,0.6175,0.578929,0.700833,0.320908,1.304992713,1.391937526,2.511102871,1,0,4058
119,2,4,0,5,1,1,0.51,0.497463,0.457083,0.240063,1.580064706,1.619885298,3.356756351,0,0,4595
120,2,4,0,6,0,1,0.4725,0.464021,0.503333,0.235075,1.705466667,1.736630454,3.427982559,0,0,5312
121,2,5,0,0,0,2,0.451667,0.448204,0.762083,0.106354,1.784130787,1.797915681,7.576894146,1,0,3351
122,2,5,0,1,1,2,0.549167,0.532833,0.73,0.183454,1.467373313,1.512355654,4.392561623,1,0,4401
123,2,5,0,2,1,2,0.616667,0.582079,0.697083,0.342667,1.30675551,1.384404866,2.351650436,1,0,4451
124,2,5,0,3,1,2,0.414167,0.40465,0.737083,0.328996,1.945671674,1.991432102,2.449370205,1,0,2633
125,2,5,0,4,1,1,0.459167,0.441917,0.444167,0.295392,1.754988926,1.823494005,2.728012268,0,0,4433
126,2,5,0,5,1,1,0.479167,0.474117,0.59,0.228246,1.681737265,1.699650086,3.53054599,0,0,4608
127,2,5,0,6,0,1,0.52,0.512621,0.54125,0.16045,1.549678846,1.571985931,5.022330944,0,0,4714
128,2,5,0,0,0,1,0.528333,0.518933,0.631667,0.0746375,1.525236924,1.552865206,10.79662368,0,0,4333
129,2,5,0,1,1,1,0.5325,0.525246,0.58875,0.176,1.513301408,1.534201117,4.578596591,0,0,4362
130,2,5,0,2,1,1,0.5325,0.522721,0.489167,0.115671,1.513301408,1.541612065,6.966594911,0,0,4803
131,2,5,0,3,1,1,0.5425,0.5284,0.632917,0.120642,1.485406452,1.525043528,6.679539464,0,0,4182
132,2,5,0,4,1,1,0.535,0.523363,0.7475,0.189667,1.506229907,1.539720997,4.248672674,0,0,4864
133,2,5,0,5,1,2,0.5125,0.4943,0.863333,0.179725,1.572357073,1.63025086,4.483700097,1,0,4105
134,2,5,0,6,0,2,0.520833,0.500629,0.9225,0.13495,1.54720035,1.609641072,5.971344943,1,0,3409
135,2,5,0,0,0,2,0.5625,0.536,0.867083,0.152979,1.432592,1.503419776,5.267605358,1,0,4553
136,2,5,0,1,1,1,0.5775,0.550512,0.787917,0.126871,1.395381818,1.463788255,6.351593351,0,0,3958
137,2,5,0,2,1,2,0.561667,0.538529,0.837917,0.277354,1.434716656,1.496359528,2.905431326,1,0,4123
138,2,5,0,3,1,2,0.55,0.527158,0.87,0.201492,1.465150909,1.528636576,3.999329998,1,0,3855
139,2,5,0,4,1,2,0.530833,0.510742,0.829583,0.108213,1.518053701,1.577769206,7.44673006,1,0,4575
140,2,5,0,5,1,1,0.536667,0.529042,0.719583,0.125013,1.501551241,1.523192866,6.445993617,0,0,4917
141,2,5,0,6,0,1,0.6025,0.571975,0.626667,0.12065,1.337482158,1.408860527,6.67909656,0,0,5805
142,2,5,0,0,0,1,0.604167,0.5745,0.749583,0.148008,1.333791816,1.402668407,5.444523269,0,0,4660
143,2,5,0,1,1,2,0.631667,0.590296,0.81,0.233842,1.275724393,1.365133763,3.446057594,1,0,4274
144,2,5,0,2,1,2,0.66,0.604813,0.740833,0.207092,1.220959091,1.332367194,3.891183629,1,0,4492
145,2,5,0,3,1,1,0.660833,0.615542,0.69625,0.154233,1.219420035,1.309143811,5.224776799,0,0,4978
146,2,5,0,4,1,1,0.708333,0.654688,0.6775,0.199642,1.137647124,1.230865695,4.036390138,0,0,4677
147,2,5,0,5,1,1,0.681667,0.637008,0.65375,0.240679,1.182150522,1.265028069,3.348164983,0,0,4679
148,2,5,0,6,0,1,0.655833,0.612379,0.729583,0.230092,1.228716762,1.315905673,3.502220851,0,0,4758
149,2,5,0,0,0,1,0.6675,0.61555,0.81875,0.213938,1.207240449,1.309126797,3.766666043,0,0,4788
150,2,5,1,1,0,1,0.733333,0.671092,0.685,0.131225,1.098863681,1.200778731,6.140849686,0,0,4098
151,2,5,0,2,1,1,0.775,0.725383,0.636667,0.111329,1.039784516,1.110906928,7.238302688,0,0,3982
152,2,6,0,3,1,2,0.764167,0.720967,0.677083,0.207092,1.054524731,1.117711352,3.891183629,1,0,3974
153,2,6,0,4,1,1,0.715,0.643942,0.305,0.292287,1.127039161,1.251406183,2.756992271,0,0,4968
154,2,6,0,5,1,1,0.62,0.587133,0.354167,0.253121,1.299730645,1.372488005,3.183588086,0,0,5312
155,2,6,0,6,0,1,0.635,0.594696,0.45625,0.123142,1.269028346,1.355033496,6.54393302,0,0,5342
156,2,6,0,0,0,2,0.648333,0.616804,0.6525,0.138692,1.242930716,1.306465263,5.810234188,1,0,4906
157,2,6,0,1,1,1,0.678333,0.621858,0.6,0.121896,1.18796078,1.295847283,6.610823981,0,0,4548
158,2,6,0,2,1,1,0.7075,0.65595,0.597917,0.187808,1.138986572,1.228497599,4.290727765,0,0,4833
159,2,6,0,3,1,1,0.775833,0.727279,0.622083,0.136817,1.038668115,1.108010818,5.889860178,0,0,4401
160,2,6,0,4,1,2,0.808333,0.757579,0.568333,0.149883,0.996907215,1.063695007,5.376413603,1,0,3915
161,2,6,0,5,1,1,0.755,0.703292,0.605,0.140554,1.067328477,1.145801459,5.733262661,0,0,4586
162,2,6,0,6,0,1,0.725,0.678038,0.654583,0.15485,1.111493793,1.188477637,5.20395867,0,0,4966
163,2,6,0,0,0,1,0.6925,0.643325,0.747917,0.163567,1.163657762,1.252606381,4.926623341,0,0,4460
164,2,6,0,1,1,1,0.635,0.601654,0.494583,0.30535,1.269028346,1.339362823,2.639046995,0,0,5020
165,2,6,0,2,1,1,0.604167,0.591546,0.507083,0.269283,1.333791816,1.36224909,2.992513452,0,0,4891
166,2,6,0,3,1,1,0.626667,0.587754,0.471667,0.167912,1.285903039,1.371037883,4.799138835,0,0,5180
167,2,6,0,4,1,2,0.628333,0.595346,0.688333,0.206471,1.282493519,1.353554068,3.902887088,1,0,3767
168,2,6,0,5,1,1,0.649167,0.600383,0.735833,0.143029,1.241333894,1.34219823,5.634053234,0,0,4844
169,2,6,0,6,0,1,0.696667,0.643954,0.670417,0.119408,1.156697533,1.251382863,6.748567935,0,0,5119
170,2,6,0,0,0,2,0.699167,0.645846,0.666667,0.102,1.152561548,1.247716948,7.900323529,1,0,4744
171,2,6,0,1,1,2,0.635,0.595346,0.74625,0.155475,1.269028346,1.353554068,5.183039074,1,0,4010
172,3,6,0,2,1,2,0.680833,0.637646,0.770417,0.171025,1.183598621,1.263762338,4.711784827,1,0,4835
173,3,6,0,3,1,1,0.733333,0.693829,0.7075,0.172262,1.098863681,1.161428825,4.677949867,0,0,4507
174,3,6,0,4,1,2,0.728333,0.693833,0.703333,0.238804,1.106407371,1.161422129,3.374453527,1,0,4790
175,3,6,0,5,1,1,0.724167,0.656583,0.573333,0.222025,1.11277233,1.227313226,3.629469654,0,0,4991
176,3,6,0,6,0,1,0.695,0.643313,0.483333,0.209571,1.159471942,1.252629746,3.845155103,0,0,5202
177,3,6,0,0,0,1,0.68,0.637629,0.513333,0.0945333,1.185048529,1.263796032,8.524329522,0,0,5305
178,3,6,0,1,1,2,0.6825,0.637004,0.658333,0.107588,1.180707692,1.265036012,7.48998959,1,0,4708
179,3,6,0,2,1,1,0.744167,0.692558,0.634167,0.144283,1.082865808,1.163560308,5.585086254,0,0,4648
180,3,6,0,3,1,1,0.728333,0.654688,0.497917,0.261821,1.106407371,1.230865695,3.077801246,0,0,5225
181,3,6,0,4,1,1,0.696667,0.637008,0.434167,0.185312,1.156697533,1.265028069,4.348520333,0,0,5515
182,3,7,0,5,1,1,0.7225,0.652162,0.39625,0.102608,1.115339792,1.235633171,7.853510448,0,0,5362
183,3,7,0,6,0,1,0.738333,0.667308,0.444583,0.115062,1.091422163,1.207587801,7.003467696,0,0,5119
184,3,7,0,0,0,2,0.716667,0.668575,0.6825,0.228858,1.124417617,1.205299331,3.52110479,1,0,4649
185,3,7,1,1,0,2,0.726667,0.665417,0.637917,0.0814792,1.108943987,1.211019556,9.890045558,1,0,6043
186,3,7,0,2,1,1,0.746667,0.696338,0.590417,0.126258,1.079240143,1.15724404,6.382431212,0,0,4665
187,3,7,0,3,1,1,0.72,0.685633,0.743333,0.149883,1.1192125,1.175312448,5.376413603,0,0,4629
188,3,7,0,4,1,1,0.75,0.686871,0.65125,0.1592,1.074444,1.173194093,5.061765075,0,0,4592
189,3,7,0,5,1,2,0.709167,0.670483,0.757917,0.225129,1.136309219,1.201869399,3.579427795,1,0,4040
190,3,7,0,6,0,1,0.733333,0.664158,0.609167,0.167912,1.098863681,1.213315205,4.799138835,0,0,5336
191,3,7,0,0,0,1,0.7475,0.690025,0.578333,0.183471,1.078037458,1.1678316,4.392154618,0,0,4881
192,3,7,0,1,1,1,0.7625,0.729804,0.635833,0.282337,1.056830164,1.104177286,2.854153016,0,0,4086
193,3,7,0,2,1,1,0.794167,0.739275,0.559167,0.200254,1.014689606,1.09003145,4.024054451,0,0,4258
194,3,7,0,3,1,1,0.746667,0.689404,0.631667,0.146133,1.079240143,1.168883557,5.514380735,0,0,4342
195,3,7,0,4,1,1,0.680833,0.635104,0.47625,0.240667,1.183598621,1.26882054,3.348331928,0,0,5084
196,3,7,0,5,1,1,0.663333,0.624371,0.59125,0.182833,1.214824229,1.290631692,4.407481144,0,0,5538
197,3,7,0,6,0,1,0.686667,0.638263,0.585,0.208342,1.173542634,1.262540677,3.867837498,0,0,5923
198,3,7,0,0,0,1,0.719167,0.669833,0.604167,0.245033,1.120508867,1.203035682,3.288671322,0,0,5302
199,3,7,0,1,1,1,0.746667,0.703925,0.65125,0.215804,1.079240143,1.144771105,3.73409668,0,0,4458
200,3,7,0,2,1,1,0.776667,0.747479,0.650417,0.1306,1.037552774,1.078067745,6.170237366,0,0,4541
201,3,7,0,3,1,1,0.768333,0.74685,0.707083,0.113817,1.048806963,1.078975698,7.080075911,0,0,4332
202,3,7,0,4,1,2,0.815,0.826371,0.69125,0.222021,0.988752147,0.975146756,3.629535044,1,0,3784
203,3,7,0,5,1,1,0.848333,0.840896,0.580417,0.1331,0.949901748,0.95830281,6.0543426,0,0,3387
204,3,7,0,6,0,1,0.849167,0.804287,0.5,0.131221,0.948968813,1.001922199,6.141036877,0,0,3285
205,3,7,0,0,0,1,0.83,0.794829,0.550833,0.169171,0.970883133,1.013844487,4.763422809,0,0,3606
206,3,7,0,1,1,1,0.743333,0.720958,0.757083,0.0908083,1.084080755,1.117725304,8.874001606,0,0,3840
207,3,7,0,2,1,1,0.771667,0.696979,0.540833,0.200258,1.044275575,1.156179741,4.023974073,0,0,4590
208,3,7,0,3,1,1,0.775,0.690667,0.402917,0.183463,1.039784516,1.166746059,4.392346141,0,0,4656
209,3,7,0,4,1,1,0.779167,0.7399,0.583333,0.178479,1.034223729,1.089110691,4.515001765,0,0,4390
210,3,7,0,5,1,1,0.838333,0.785967,0.5425,0.174138,0.961232589,1.02527587,4.627554009,0,0,3846
211,3,7,0,6,0,1,0.804167,0.728537,0.465833,0.168537,1.002071709,1.106097563,4.781341783,0,0,4475
212,3,7,0,0,0,1,0.805833,0.729796,0.480833,0.164813,1,1.10418939,4.889377658,0,0,4302
213,3,8,0,1,1,1,0.771667,0.703292,0.550833,0.156717,1.044275575,1.145801459,5.141962901,0,0,4266
214,3,8,0,2,1,1,0.783333,0.707071,0.49125,0.20585,1.028723416,1.139677628,3.914661161,0,0,4845
215,3,8,0,3,1,2,0.731667,0.679937,0.6575,0.135583,1.101365785,1.185158331,5.943466364,1,0,3574
216,3,8,0,4,1,2,0.71,0.664788,0.7575,0.19715,1.134976056,1.212165382,4.087410601,1,0,4576
217,3,8,0,5,1,1,0.710833,0.656567,0.630833,0.184696,1.133646018,1.227343135,4.363023563,0,0,4866
218,3,8,0,6,0,2,0.716667,0.676154,0.755,0.22825,1.124417617,1.191789149,3.530484118,1,0,4294
219,3,8,0,0,0,1,0.7425,0.715292,0.752917,0.201487,1.08529697,1.126579075,3.999429244,0,0,3785
220,3,8,0,1,1,1,0.765,0.703283,0.592083,0.192175,1.053376471,1.145816122,4.193224925,0,0,4326
221,3,8,0,2,1,1,0.775,0.724121,0.570417,0.151121,1.039784516,1.112843019,5.332369426,0,0,4602
222,3,8,0,3,1,1,0.766667,0.684983,0.424167,0.200258,1.051086065,1.176427736,4.023974073,0,0,4780
223,3,8,0,4,1,1,0.7175,0.651521,0.42375,0.164796,1.123112195,1.236848851,4.889882036,0,0,4792
224,3,8,0,5,1,1,0.708333,0.654042,0.415,0.125621,1.137647124,1.232081426,6.414795297,0,0,4905
225,3,8,0,6,0,2,0.685833,0.645858,0.729583,0.211454,1.174969708,1.247693766,3.810913958,1,0,4150
226,3,8,0,0,0,2,0.676667,0.624388,0.8175,0.222633,1.19088562,1.290596552,3.619557748,1,0,3820
227,3,8,0,1,1,1,0.665833,0.616167,0.712083,0.208954,1.210262934,1.307815901,3.856509088,0,0,4338
228,3,8,0,2,1,1,0.700833,0.645837,0.578333,0.236329,1.149821712,1.247734335,3.409793127,0,0,4725
229,3,8,0,3,1,1,0.723333,0.666671,0.575417,0.143667,1.114055352,1.208741643,5.60903339,0,0,4694
230,3,8,0,4,1,1,0.711667,0.662258,0.654583,0.233208,1.132317502,1.216796173,3.455426057,0,0,3805
231,3,8,0,5,1,2,0.685,0.633221,0.722917,0.139308,1.17639854,1.272593613,5.784542166,1,0,4153
232,3,8,0,6,0,1,0.6975,0.648996,0.674167,0.104467,1.155316129,1.241660966,7.713756497,0,0,5191
233,3,8,0,0,0,1,0.710833,0.675525,0.77,0.248754,1.133646018,1.192898856,3.239477556,0,0,3873
234,3,8,0,1,1,1,0.691667,0.638254,0.47,0.27675,1.165059198,1.26255848,2.911772358,0,0,4758
235,3,8,0,2,1,1,0.640833,0.606067,0.455417,0.146763,1.257477377,1.329610423,5.490709511,0,0,5895
236,3,8,0,3,1,1,0.673333,0.630692,0.605,0.253108,1.196782276,1.277696562,3.1837516,0,0,5130
237,3,8,0,4,1,2,0.684167,0.645854,0.771667,0.210833,1.177830851,1.247701493,3.822138849,1,0,3542
238,3,8,0,5,1,1,0.7,0.659733,0.76125,0.0839625,1.15119,1.221453224,9.597534614,0,0,4661
239,3,8,0,6,0,2,0.68,0.635556,0.85,0.375617,1.185048529,1.267918169,2.145358171,1,0,1115
240,3,8,0,0,0,1,0.707059,0.647959,0.561765,0.304659,1.13969697,1.243648132,2.645032643,0,0,4334
241,3,8,0,1,1,1,0.636667,0.607958,0.554583,0.159825,1.26570562,1.325474786,5.041970906,0,0,4634
242,3,8,0,2,1,1,0.639167,0.594704,0.548333,0.125008,1.260755014,1.355015268,6.44625144,0,0,5204
243,3,8,0,3,1,1,0.656667,0.611121,0.597917,0.0833333,1.22715623,1.318614481,9.669999868,0,0,5058
244,3,9,0,4,1,1,0.655,0.614921,0.639167,0.141796,1.230279389,1.310465897,5.683044656,0,0,5115
245,3,9,0,5,1,2,0.643333,0.604808,0.727083,0.139929,1.252590804,1.332378209,5.75887057,1,0,4727
246,3,9,0,6,0,1,0.669167,0.633213,0.716667,0.185325,1.204233024,1.272609691,4.348215297,0,0,4484
247,3,9,0,0,0,1,0.709167,0.665429,0.742083,0.206467,1.136309219,1.210997717,3.902962701,0,0,4940
248,3,9,1,1,0,2,0.673333,0.625646,0.790417,0.212696,1.196782276,1.288001522,3.788660812,1,0,3351
249,3,9,0,2,1,3,0.54,0.5152,0.886957,0.343943,1.492283333,1.564116848,2.342926008,0,1,2710
250,3,9,0,3,1,3,0.599167,0.544229,0.917083,0.0970208,1.3449222,1.480687358,8.305775669,0,1,1996
251,3,9,0,4,1,3,0.633913,0.555361,0.939565,0.192748,1.271204408,1.451007543,4.180759333,0,1,1842
252,3,9,0,5,1,2,0.65,0.578946,0.897917,0.124379,1.239743077,1.391896654,6.478850931,1,0,3544
253,3,9,0,6,0,1,0.66,0.607962,0.75375,0.153608,1.220959091,1.325466065,5.246035363,0,0,5345
254,3,9,0,0,0,1,0.653333,0.609229,0.71375,0.115054,1.233418486,1.322709523,7.003954665,0,0,5046
255,3,9,0,1,1,1,0.644348,0.60213,0.692174,0.088913,1.250617679,1.338304021,9.063162867,0,0,4713
256,3,9,0,2,1,1,0.650833,0.603554,0.7125,0.141804,1.238156332,1.335146482,5.682724042,0,0,4763
257,3,9,0,3,1,1,0.673333,0.6269,0.697083,0.1673,1.196782276,1.285425108,4.816694561,0,0,4785
258,3,9,0,4,1,2,0.5775,0.553671,0.709167,0.271146,1.395381818,1.455436532,2.97195238,1,0,3659
259,3,9,0,5,1,2,0.469167,0.461475,0.590417,0.164183,1.717582439,1.746211604,4.908139089,1,0,4760
260,3,9,0,6,0,2,0.491667,0.478512,0.718333,0.189675,1.638981262,1.684039272,4.248493476,1,0,4511
261,3,9,0,0,0,1,0.5075,0.490537,0.695,0.178483,1.587848276,1.642756815,4.514900579,0,0,4274
262,3,9,0,1,1,2,0.549167,0.529675,0.69,0.151742,1.467373313,1.52137254,5.310546849,1,0,4539
263,3,9,0,2,1,2,0.561667,0.532217,0.88125,0.134954,1.434716656,1.514106088,5.971167954,1,0,3641
264,3,9,0,3,1,2,0.595,0.550533,0.9,0.0964042,1.354341176,1.463732419,8.358899301,1,0,4352
265,3,9,0,4,1,2,0.628333,0.554963,0.902083,0.128125,1.282493519,1.452048155,6.289428293,1,0,4795
266,4,9,0,5,1,2,0.609167,0.522125,0.9725,0.0783667,1.322844146,1.543371798,10.28284973,1,0,2395
267,4,9,0,6,0,2,0.606667,0.564412,0.8625,0.0783833,1.328295424,1.427738957,10.28067203,1,0,5423
268,4,9,0,0,0,2,0.634167,0.572637,0.845,0.0503792,1.270695259,1.407231807,15.99535126,1,0,5010
269,4,9,0,1,1,2,0.649167,0.589042,0.848333,0.1107,1.241333894,1.36803997,7.279430894,1,0,4630
270,4,9,0,2,1,2,0.636667,0.574525,0.885417,0.118171,1.26570562,1.402607371,6.819211143,1,0,4120
271,4,9,0,3,1,2,0.635,0.575158,0.84875,0.148629,1.269028346,1.401063708,5.421775024,1,0,3907
272,4,9,0,4,1,1,0.616667,0.574512,0.699167,0.172883,1.30675551,1.402639109,4.661146556,0,0,4839
273,4,9,0,5,1,1,0.564167,0.544829,0.6475,0.206475,1.428358979,1.479056732,3.902811478,0,0,5202
274,4,10,0,6,0,2,0.41,0.412863,0.75375,0.292296,1.965446341,1.951816947,2.756907382,1,0,2429
275,4,10,0,0,0,2,0.356667,0.345317,0.791667,0.222013,2.259342748,2.333603616,3.62966583,1,0,2918
276,4,10,0,1,1,2,0.384167,0.392046,0.760833,0.0833458,2.097611195,2.055455227,9.668549585,1,0,3570
277,4,10,0,2,1,1,0.484167,0.472858,0.71,0.205854,1.664369938,1.704175461,3.914585094,0,0,4456
278,4,10,0,3,1,1,0.538333,0.527138,0.647917,0.17725,1.496904332,1.528694573,4.546307475,0,0,4826
279,4,10,0,4,1,1,0.494167,0.480425,0.620833,0.134954,1.630689625,1.677333611,5.971167954,0,0,4765
280,4,10,0,5,1,1,0.510833,0.504404,0.684167,0.0223917,1.577488142,1.597594389,35.98802235,0,0,4985
281,4,10,0,6,0,1,0.521667,0.513242,0.70125,0.0454042,1.544726808,1.570083898,17.74798367,0,0,5409
282,4,10,0,0,0,1,0.540833,0.523983,0.7275,0.06345,1.489984894,1.53789913,12.70028369,0,0,5511
283,4,10,1,1,0,1,0.570833,0.542925,0.73375,0.0423042,1.411679073,1.48424368,19.04853419,0,0,5117
284,4,10,0,2,1,2,0.566667,0.546096,0.80875,0.143042,1.422057399,1.475625165,5.633541198,1,0,4563
285,4,10,0,3,1,3,0.543333,0.517717,0.90625,0.24815,1.483129131,1.556512535,3.247362482,0,1,2416
286,4,10,0,4,1,2,0.589167,0.551804,0.896667,0.141787,1.367749721,1.460360925,5.68340539,1,0,2913
287,4,10,0,5,1,2,0.550833,0.529675,0.71625,0.223883,1.462935227,1.52137254,3.599348767,1,0,3644
288,4,10,0,6,0,1,0.506667,0.498725,0.483333,0.258083,1.590458822,1.615786255,3.122379235,0,0,5217
289,4,10,0,0,0,1,0.511667,0.503154,0.486667,0.281717,1.574916889,1.601563338,2.860434408,0,0,5041
290,4,10,0,1,1,1,0.534167,0.510725,0.579583,0.175379,1.508578778,1.577821724,4.594808957,0,0,4570
291,4,10,0,2,1,2,0.5325,0.522721,0.701667,0.110087,1.513301408,1.541612065,7.319965118,1,0,4748
292,4,10,0,3,1,3,0.541739,0.513848,0.895217,0.243339,1.487493055,1.56823224,3.311565347,0,1,2424
293,4,10,0,4,1,1,0.475833,0.466525,0.63625,0.422275,1.693520626,1.727309362,1.908313303,0,0,4195
294,4,10,0,5,1,1,0.4275,0.423596,0.574167,0.221396,1.884989474,1.902362156,3.639781207,0,0,4304
295,4,10,0,6,0,1,0.4225,0.425492,0.629167,0.0926667,1.907297041,1.893885196,8.69603644,0,0,4308
296,4,10,0,0,0,1,0.421667,0.422333,0.74125,0.0995125,1.911064892,1.90805123,8.097806808,0,0,4381
297,4,10,0,1,1,1,0.463333,0.457067,0.772083,0.118792,1.739209165,1.763052244,6.783562866,0,0,4187
298,4,10,0,2,1,1,0.471667,0.463375,0.622917,0.166658,1.708478651,1.739051524,4.835249433,0,0,4687
299,4,10,0,3,1,2,0.484167,0.472846,0.720417,0.148642,1.664369938,1.70421871,5.421300844,1,0,3894
300,4,10,0,4,1,2,0.47,0.457046,0.812917,0.197763,1.714538298,1.763133251,4.074740978,1,0,2659
301,4,10,0,5,1,2,0.330833,0.318812,0.585833,0.229479,2.435769709,2.527611884,3.511576223,1,0,3747
302,4,10,0,6,0,3,0.254167,0.227913,0.8825,0.351371,3.170486334,3.535704414,2.293396439,0,1,627
303,4,10,0,0,0,1,0.319167,0.321329,0.62375,0.176617,2.524800496,2.507812865,4.562601562,0,0,3331
304,4,10,0,1,1,1,0.34,0.356063,0.703333,0.10635,2.370097059,2.263175337,7.577179126,0,0,3669
305,4,11,0,2,1,1,0.400833,0.397088,0.68375,0.135571,2.010395851,2.029356213,5.943992447,0,0,4068
306,4,11,0,3,1,1,0.3775,0.390133,0.71875,0.0820917,2.134656954,2.065534061,9.816254262,0,0,4186
307,4,11,0,4,1,1,0.408333,0.405921,0.702083,0.136817,1.973470182,1.985196627,5.889860178,0,0,3974
308,4,11,0,5,1,2,0.403333,0.403392,0.6225,0.271779,1.997934709,1.997642492,2.965030411,1,0,4046
309,4,11,0,6,0,1,0.326667,0.323854,0.519167,0.189062,2.466833197,2.488260142,4.262268462,0,0,3926
310,4,11,0,0,0,1,0.348333,0.362358,0.734583,0.0920542,2.313398386,2.223858725,8.753897161,0,0,3649
311,4,11,0,1,1,1,0.395,0.400871,0.75875,0.057225,2.040083544,2.010205278,14.08183486,0,0,4035
312,4,11,0,2,1,1,0.408333,0.412246,0.721667,0.0690375,1.973470182,1.95473819,11.67239544,0,0,4205
313,4,11,0,3,1,1,0.4,0.409079,0.758333,0.0621958,2.0145825,1.969871345,12.95638934,0,0,4109
314,4,11,0,4,1,2,0.38,0.373721,0.813333,0.189067,2.120613158,2.156242223,4.262155744,1,0,2933
315,4,11,1,5,0,1,0.324167,0.306817,0.44625,0.314675,2.485857598,2.626428783,2.560842139,0,0,3368
316,4,11,0,6,0,1,0.356667,0.357942,0.552917,0.212062,2.259342748,2.251294903,3.799987739,0,0,4067
317,4,11,0,0,0,1,0.440833,0.43055,0.458333,0.281721,1.827977942,1.871636279,2.860393794,0,0,3717
318,4,11,0,1,1,1,0.53,0.524612,0.587083,0.306596,1.520439623,1.536055218,2.628321961,0,0,4486
319,4,11,0,2,1,2,0.53,0.507579,0.68875,0.199633,1.520439623,1.587601142,4.03657211,1,0,4195
320,4,11,0,3,1,3,0.456667,0.451988,0.93,0.136829,1.764596522,1.782863704,5.889343633,0,1,1817
321,4,11,0,4,1,2,0.341667,0.323221,0.575833,0.305362,2.358533309,2.493133181,2.638943287,1,0,3053
322,4,11,0,5,1,1,0.274167,0.272721,0.41,0.168533,2.939204937,2.95478896,4.781455264,0,0,3392
323,4,11,0,6,0,1,0.329167,0.324483,0.502083,0.224496,2.448097774,2.483436729,3.589520526,0,0,3663
324,4,11,0,0,0,2,0.463333,0.457058,0.684583,0.18595,1.739209165,1.763086961,4.33360043,1,0,3520
325,4,11,0,1,1,3,0.4475,0.445062,0.91,0.138054,1.800744134,1.81060841,5.837085488,0,1,2765
326,4,11,0,2,1,3,0.416667,0.421696,0.9625,0.118792,1.933997653,1.910933469,6.783562866,0,1,1607
327,4,11,0,3,1,2,0.440833,0.430537,0.757917,0.335825,1.827977942,1.871692793,2.399562272,1,0,2566
328,4,11,1,4,0,1,0.373333,0.372471,0.549167,0.167304,2.158483177,2.163478499,4.8165794,0,0,1495
329,4,11,0,5,1,1,0.375,0.380671,0.64375,0.0988958,2.148888,2.116875202,8.148303568,0,0,2792
330,4,11,0,6,0,1,0.375833,0.385087,0.681667,0.0684208,2.144125183,2.092599854,11.77760272,0,0,3068
331,4,11,0,0,0,1,0.459167,0.4558,0.698333,0.208954,1.754988926,1.76795305,3.856509088,0,0,3071
332,4,11,0,1,1,1,0.503478,0.490122,0.743043,0.142122,1.600532695,1.644147784,5.670008866,0,0,3867
333,4,11,0,2,1,2,0.458333,0.451375,0.830833,0.258092,1.75818237,1.785284963,3.122270353,1,0,2914
334,4,11,0,3,1,1,0.325,0.311221,0.613333,0.271158,2.479486154,2.589262935,2.971820857,0,0,3613
335,4,12,0,4,1,1,0.3125,0.305554,0.524583,0.220158,2.5786656,2.637285063,3.660248549,0,0,3727
336,4,12,0,5,1,1,0.314167,0.331433,0.625833,0.100754,2.564982955,2.431360184,7.998024892,0,0,3940
337,4,12,0,6,0,1,0.299167,0.310604,0.612917,0.0957833,2.693589199,2.594406382,8.413084536,0,0,3614
338,4,12,0,0,0,1,0.330833,0.3491,0.775833,0.0839583,2.435769709,2.308315669,9.598014729,0,0,3485
339,4,12,0,1,1,2,0.385833,0.393925,0.827083,0.0622083,2.088553856,2.045650822,12.95378591,1,0,3811
340,4,12,0,2,1,3,0.4625,0.4564,0.949583,0.232583,1.742341622,1.765628834,3.464711522,0,1,2594
341,4,12,0,3,1,3,0.41,0.400246,0.970417,0.266175,1.965446341,2.013344293,3.027455621,0,1,705
342,4,12,0,4,1,1,0.265833,0.256938,0.58,0.240058,3.03135051,3.136293581,3.356826267,0,0,3322
343,4,12,0,5,1,1,0.290833,0.317542,0.695833,0.0827167,2.770775669,2.537720994,9.742083521,0,0,3620
344,4,12,0,6,0,1,0.275,0.266412,0.5075,0.233221,2.930301818,3.024762398,3.455233448,0,0,3190
345,4,12,0,0,0,1,0.220833,0.253154,0.49,0.0665417,3.649060602,3.183173088,12.11019556,0,0,2743
346,4,12,0,1,1,1,0.238333,0.270196,0.670833,0.06345,3.381122211,2.982401664,12.70028369,0,0,3310
347,4,12,0,2,1,1,0.2825,0.301138,0.59,0.14055,2.852506195,2.675959195,5.733425827,0,0,3523
348,4,12,0,3,1,2,0.3175,0.338362,0.66375,0.0609583,2.538056693,2.381570626,13.21941393,1,0,3740
349,4,12,0,4,1,2,0.4225,0.412237,0.634167,0.268042,1.907297041,1.954780866,3.006368405,1,0,3709
350,4,12,0,5,1,2,0.375,0.359825,0.500417,0.260575,2.148888,2.239513652,3.092518469,1,0,3577
351,4,12,0,6,0,2,0.258333,0.249371,0.560833,0.243167,3.119357573,3.231462359,3.313907726,1,0,2739
352,4,12,0,0,0,1,0.238333,0.245579,0.58625,0.169779,3.381122211,3.281359563,4.746364391,0,0,2431
353,4,12,0,1,1,1,0.276667,0.280933,0.6375,0.172896,2.912645888,2.868417025,4.660796086,0,0,3403
354,4,12,0,2,1,2,0.385833,0.396454,0.595417,0.0615708,2.088553856,2.032601512,13.08790855,1,0,3750
355,1,12,0,3,1,2,0.428333,0.428017,0.858333,0.2214,1.881323643,1.882712603,3.639715447,1,0,2660
356,1,12,0,4,1,2,0.423333,0.426121,0.7575,0.047275,1.903544019,1.89108962,17.04564781,1,0,3068
357,1,12,0,5,1,1,0.373333,0.377513,0.68625,0.274246,2.158483177,2.134583445,2.938358262,0,0,2209
358,1,12,0,6,0,1,0.3025,0.299242,0.5425,0.190304,2.663910744,2.692914096,4.234451194,0,0,1011
359,1,12,0,0,0,1,0.274783,0.279961,0.681304,0.155091,2.932615919,2.878375917,5.195872101,0,0,754
360,1,12,1,1,0,1,0.321739,0.315535,0.506957,0.239465,2.504617096,2.553862488,3.365138956,0,0,1317
361,1,12,0,2,1,2,0.325,0.327633,0.7625,0.18845,2.479486154,2.459559934,4.276110374,1,0,1162
362,1,12,0,3,1,1,0.29913,0.279974,0.503913,0.293961,2.693922375,2.878242265,2.741292212,0,0,2302
363,1,12,0,4,1,1,0.248333,0.263892,0.574167,0.119412,3.244969456,3.053646946,6.748341875,0,0,2423
364,1,12,0,5,1,1,0.311667,0.318812,0.636667,0.134337,2.585557663,2.527611884,5.998593091,0,0,2999
365,1,12,0,6,0,1,0.41,0.414121,0.615833,0.220154,1.965446341,1.945887796,3.660315052,0,0,2485
